スケベなOL, https://www.cityheaven.net/osaka/A2701/A270101/sukebeol_umeda/girllist/attend/
激安商事の課長命令梅田店, https://www.cityheaven.net/osaka/A2701/A270101/gekiyasu_syouji_umeda/girllist/?shopmenu=2#tabMenu
激安商事の課長命令日本橋店, https://www.cityheaven.net/osaka/A2702/A270202/gekiyasu_syouji/girllist/3/?shopmenu=2
エコ日本橋店, https://www.cityheaven.net/osaka/A2702/A270202/spicy_nihon/girllist/?shopmenu=2#tabMenu
ぷるるん小町日本橋店, https://www.cityheaven.net/osaka/A2702/A270202/pururun-komachi_nihonbashi/girllist/?shopmenu=2#tabMenu
clubさくら日本橋店, https://www.cityheaven.net/osaka/A2702/A270202/gekiyasu-club/girllist/?shopmenu=2#tabMenu
エコ梅田店, https://www.cityheaven.net/osaka/A2701/A270101/snow_style/girllist/?shopmenu=2#tabMenu
clubさくら梅田店, https://www.cityheaven.net/osaka/A2701/A270101/gekiyasu-club-umeda/girllist/?shopmenu=2#tabMenu
ドM女学園大阪, https://www.cityheaven.net/osaka/A2702/A270202/doemujogakuin_n/girllist/?shopmenu=2#tabMenu
バカンス学園谷九店, https://www.cityheaven.net/osaka/A2702/A270203/vacancestani9/girllist/?shopmenu=2#tabMenu
大阪最安値記念激安ダービー, https://www.cityheaven.net/osaka/A2702/A270202/gekiyasu_derby/girllist/?shopmenu=2#tabMenu
コアクマックス日本橋店, https://www.cityheaven.net/osaka/A2702/A270202/yanneko_premium/girllist/?shopmenu=2#tabMenu
clubさくら京橋店, https://www.cityheaven.net/osaka/A2701/A270102/club_sakura_kyobashi/girllist/?shopmenu=2#tabMenu
ぷるるん小町京橋店, https://www.cityheaven.net/osaka/A2701/A270102/pururun-komachi_kyobashi/girllist/?shopmenu=2#tabMenu
clubさくら難波店, https://www.cityheaven.net/osaka/A2702/A270201/gekiyasu-club-namba/girllist/?shopmenu=2#tabMenu
激安商事の課長命令京橋店, https://www.cityheaven.net/osaka/A2701/A270102/gekiyasu_kyobashi/girllist/?shopmenu=2#tabMenu
スピードエコ難波店, https://www.cityheaven.net/osaka/A2702/A270201/speedeco_namba/girllist/?shopmenu=2#tabMenu
コアクマックス天王寺店, https://www.cityheaven.net/osaka/A2702/A270204/koakumax_t/girllist/?shopmenu=2#tabMenu
スピードエコ京橋店, https://www.cityheaven.net/osaka/A2701/A270102/salarymanchin_kyobashi/girllist/?shopmenu=2#tabMenu
スピードエコ 天王寺店, https://www.cityheaven.net/osaka/A2702/A270204/snow_style_ten/girllist/?shopmenu=2#tabMenu
激安商事の課長命令十三社内恋愛, https://www.cityheaven.net/osaka/A2701/A270103/gekiyasu_juso/girllist/?shopmenu=2#tabMenu
わがままぷっちょ！, https://www.cityheaven.net/osaka/A2702/A270202/wagamama_puccho/girllist/?shopmenu=2#tabMenu
激安商事の課長命令堺東店, https://www.cityheaven.net/osaka/A2705/A270501/gekiyasu-sh/girllist/?shopmenu=2#tabMenu
サマンサ堺店, https://www.cityheaven.net/osaka/A2705/A270501/s-samantha/girllist/?shopmenu=2#tabMenu
スッキリ！！日本橋本店, https://www.cityheaven.net/osaka/A2702/A270202/sukkiri_honten/girllist/?shopmenu=2#tabMenu
スッキリ！！梅田店, https://www.cityheaven.net/osaka/A2701/A270101/sukkiri_umeda/girllist/?shopmenu=2#tabMenu
ぷよステーション, https://www.cityheaven.net/saitama/A1101/A110101/saitamapuyo/girllist/?shopmenu=2#tabMenu
エクスタシー, https://www.cityheaven.net/saitama/A1102/A110201/nishikawa_xstasy/girllist/?shopmenu=2#tabMenu
ふわふわプリンセス, https://www.cityheaven.net/saitama/A1103/A110303/fuwapuri_kawagoe/girllist/?shopmenu=2#tabMenu
ぽちゃまに, https://www.cityheaven.net/saitama/A1103/A110303/pochafuzoku/girllist/?shopmenu=2#tabMenu
若妻人妻半熟熟女の娯楽屋本庄店, https://www.cityheaven.net/saitama/A1105/A110504/hanjyuku-honjyo/girllist/?shopmenu=2#tabMenu
リッチパイ, https://www.cityheaven.net/saitama/A1101/A110101/richpie-omy/girllist/?shopmenu=2#tabMenu
ふわぷり熊谷, https://www.cityheaven.net/saitama/A1105/A110501/huwahuwaparadise/girllist/?shopmenu=2#tabMenu
ぽっちゃりーの, https://www.cityheaven.net/saitama/A1104/A110403/pottyarino_kk/girllist/?shopmenu=2#tabMenu
リッチパイ川口, https://www.cityheaven.net/saitama/A1102/A110201/richpie-kwgch/girllist/?shopmenu=2#tabMenu
女の子市場, https://www.cityheaven.net/saitama/A1105/A110501/shijou/girllist/?shopmenu=2#tabMenu
ぷよすて川越, https://www.cityheaven.net/saitama/A1103/A110303/puyokawagoe/girllist/?shopmenu=2#tabMenu
P-STYLE, https://www.cityheaven.net/aichi/A2301/A230103/p-style/girllist/?shopmenu=2#tabMenu
ニューデリー, https://www.cityheaven.net/aichi/A2301/A230103/newdeli/girllist/?shopmenu=2#tabMenu
元祖!発情ミセス従順クラブ, https://www.cityheaven.net/aichi/A2301/A230101/j-club/girllist/?shopmenu=2#tabMenu
サイバープロジェクトX, https://www.cityheaven.net/aichi/A2305/A230504/cyber_project/girllist/?shopmenu=2#tabMenu
突然即パク奥様, https://www.cityheaven.net/aichi/A2301/A230105/t-sokupaku/girllist/?shopmenu=2#tabMenu
激安デリヘルちゅぱちゅぱ, https://www.cityheaven.net/aichi/A2301/A230102/tyupatyupa_n/girllist/?shopmenu=2#tabMenu
かわいいは正義, https://www.cityheaven.net/aichi/A2301/A230103/vsmiki/girllist/?shopmenu=2#tabMenu
激安フェアリーワンダーランド, https://www.cityheaven.net/aichi/A2301/A230101/fw_land/girllist/?shopmenu=2#tabMenu
GY激安エロ活BRAND, https://www.cityheaven.net/aichi/A2301/A230102/erokatu/girllist/?shopmenu=2#tabMenu
ふわらぶ, https://www.cityheaven.net/aichi/A2301/A230103/smou_b/girllist/?shopmenu=2#tabMenu
ラブプライム, https://www.cityheaven.net/aichi/A2301/A230104/loveprime_n/girllist/?shopmenu=2#tabMenu
BBW, https://www.cityheaven.net/aichi/A2301/A230106/bbw_n/girllist/?shopmenu=2#tabMenu
AH75分10000円, https://www.cityheaven.net/aichi/A2301/A230104/75min-10000en/girllist/?shopmenu=2#tabMenu
ラブココ, https://www.cityheaven.net/aichi/A2301/A230101/p-love_coco/girllist/?shopmenu=2#tabMenu
マシュマロ, https://www.cityheaven.net/aichi/A2301/A230103/marshmallow/attend/?shopmenu=2#tabMenu
きつマンの森, https://www.cityheaven.net/aichi/A2301/A230111/kitumann/girllist/?shopmenu=2#tabMenu
激安王, https://www.cityheaven.net/aichi/A2301/A230104/gekiyasuou_n/attend/?shopmenu=2#tabMenu
Gogoパックマン, https://www.cityheaven.net/aichi/A2306/A230601/gogo_pacman/attend/?shopmenu=2#tabMenu
すすきの39, https://www.cityheaven.net/hokkaido/A0101/A010103/s_susukino39/attend/?shopmenu=3
札幌Meltymuse, https://www.cityheaven.net/hokkaido/A0101/A010103/meltymuse/attend/?shopmenu=3
旭川Meltymuse, https://www.cityheaven.net/hokkaido/A0102/A010201/meltymuse-a/attend/?shopmenu=3
帯広Meltymuse, https://www.cityheaven.net/hokkaido/A0108/A010801/meltymuse-o/attend/?shopmenu=3
無毛のマシュマロ, https://www.cityheaven.net/hokkaido/A0101/A010103/superball/attend/?shopmenu=3
ZERO, https://www.cityheaven.net/hokkaido/A0101/A010103/purity/attend/?shopmenu=3
札幌女子大生Selection, https://www.cityheaven.net/hokkaido/A0101/A010103/jdcollection/attend/?shopmenu=3
ドMな巨乳ちゃん, https://www.cityheaven.net/hokkaido/A0101/A010103/domkyonyu/attend/?shopmenu=3
楽園, https://www.cityheaven.net/hokkaido/A0101/A010103/rakuen/attend/?shopmenu=3
ラブストーリー, https://www.cityheaven.net/hokkaido/A0101/A010103/mania_club/attend/?shopmenu=3
カミチチ7 札幌, https://www.cityheaven.net/hokkaido/A0101/A010103/lcute/attend/?shopmenu=3
札幌ぷよぷよ, https://www.cityheaven.net/hokkaido/A0101/A010103/puyopuyo/attend/?shopmenu=3
虎のSPA～むっちり巨乳専門～, https://www.cityheaven.net/hokkaido/A0101/A010103/toraspa/attend/?shopmenu=3
デンジャラス, https://www.cityheaven.net/hokkaido/A0101/A010103/dangerous/attend/?shopmenu=3
人妻激安堂苫小牧, https://www.cityheaven.net/hokkaido/A0105/A010510/tomakomaigekiyasu/attend/?shopmenu=3
ぷっちょぽっちょボーイング, https://www.cityheaven.net/hokkaido/A0101/A010103/boing_99/attend/?shopmenu=3
CHOICELOVE, https://www.cityheaven.net/hokkaido/A0101/A010103/choicelove/attend/?shopmenu=3
人妻激安堂帯広, https://www.cityheaven.net/hokkaido/A0108/A010801/obihirogekiyasu/attend/?shopmenu=3
人妻激安堂旭川, https://www.cityheaven.net/hokkaido/A0102/A010201/asakikawagekiyasu/attend/?shopmenu=3
おっぱいLABO苫小牧店, https://www.cityheaven.net/hokkaido/A0105/A010510/oppailabo/attend/?shopmenu=3
BBW札幌, https://www.cityheaven.net/hokkaido/A0101/A010103/bbw-sapporo/attend/?shopmenu=3
S-girls, https://www.cityheaven.net/hokkaido/A0101/A010103/s_girls/attend/?shopmenu=3
帯広激安店神唇, https://www.cityheaven.net/hokkaido/A0108/A010801/shinbi/attend/?shopmenu=3
ONEMORE, https://www.cityheaven.net/hokkaido/A0103/A010301/onemore/attend/?shopmenu=3
